[{"__symbolic":"module","version":3,"metadata":{"CompileViewRootNodeType":{"Node":0,"ViewContainer":1,"NgContent":2},"CompileViewRootNode":{"__symbolic":"class","members":{"__ctor__":[{"__symbolic":"constructor","parameters":[{"__symbolic":"error","message":"Could not resolve type","line":33,"character":19,"context":{"typeName":"CompileViewRootNodeType"}},{"__symbolic":"reference","module":"../output/output_ast","name":"Expression"},{"__symbolic":"reference","name":"number"}]}]}},"CompileView":{"__symbolic":"class","members":{"__ctor__":[{"__symbolic":"constructor","parameters":[{"__symbolic":"reference","module":"../compile_metadata","name":"CompileDirectiveMetadata"},{"__symbolic":"reference","module":"../config","name":"CompilerConfig"},{"__symbolic":"reference","name":"Array","arguments":[{"__symbolic":"reference","module":"../compile_metadata","name":"CompilePipeSummary"}]},{"__symbolic":"reference","module":"../output/output_ast","name":"Expression"},{"__symbolic":"reference","name":"Array","arguments":[{"__symbolic":"reference","module":"../animation/animation_compiler","name":"AnimationEntryCompileResult"}]},{"__symbolic":"reference","name":"number"},{"__symbolic":"reference","module":"./compile_element","name":"CompileElement"},{"__symbolic":"reference","name":"Array","arguments":[{"__symbolic":"reference","name":"Array","arguments":[{"__symbolic":"reference","name":"string"}]}]},{"__symbolic":"reference","name":"Array","arguments":[{"__symbolic":"error","message":"Expression form not supported","line":89,"character":16}]}]}],"callPipe":[{"__symbolic":"method"}],"getLocal":[{"__symbolic":"method"}],"afterNodes":[{"__symbolic":"method"}]}}}},{"__symbolic":"module","version":1,"metadata":{"CompileViewRootNodeType":{"Node":0,"ViewContainer":1,"NgContent":2},"CompileViewRootNode":{"__symbolic":"class","members":{"__ctor__":[{"__symbolic":"constructor","parameters":[{"__symbolic":"error","message":"Could not resolve type","line":33,"character":19,"context":{"typeName":"CompileViewRootNodeType"}},{"__symbolic":"reference","module":"../output/output_ast","name":"Expression"},{"__symbolic":"reference","name":"number"}]}]}},"CompileView":{"__symbolic":"class","members":{"__ctor__":[{"__symbolic":"constructor","parameters":[{"__symbolic":"reference","module":"../compile_metadata","name":"CompileDirectiveMetadata"},{"__symbolic":"reference","module":"../config","name":"CompilerConfig"},{"__symbolic":"reference","name":"Array","arguments":[{"__symbolic":"reference","module":"../compile_metadata","name":"CompilePipeSummary"}]},{"__symbolic":"reference","module":"../output/output_ast","name":"Expression"},{"__symbolic":"reference","name":"Array","arguments":[{"__symbolic":"reference","module":"../animation/animation_compiler","name":"AnimationEntryCompileResult"}]},{"__symbolic":"reference","name":"number"},{"__symbolic":"reference","module":"./compile_element","name":"CompileElement"},{"__symbolic":"reference","name":"Array","arguments":[{"__symbolic":"reference","name":"Array","arguments":[{"__symbolic":"reference","name":"string"}]}]},{"__symbolic":"reference","name":"Array","arguments":[{"__symbolic":"error","message":"Expression form not supported","line":89,"character":16}]}]}],"callPipe":[{"__symbolic":"method"}],"getLocal":[{"__symbolic":"method"}],"afterNodes":[{"__symbolic":"method"}]}}}}]