[{"__symbolic":"module","version":3,"metadata":{"ViewTypeEnum":{"__symbolic":"class","statics":{"fromValue":{"__symbolic":"function","parameters":["value"],"value":{"__symbolic":"call","expression":{"__symbolic":"reference","module":"../compiler_util/identifier_util","name":"createEnumExpression"},"arguments":[{"__symbolic":"select","expression":{"__symbolic":"reference","module":"../identifiers","name":"Identifiers"},"member":"ViewType"},{"__symbolic":"reference","name":"value"}]}}}},"ViewEncapsulationEnum":{"__symbolic":"class","statics":{"fromValue":{"__symbolic":"function","parameters":["value"],"value":{"__symbolic":"call","expression":{"__symbolic":"reference","module":"../compiler_util/identifier_util","name":"createEnumExpression"},"arguments":[{"__symbolic":"select","expression":{"__symbolic":"reference","module":"../identifiers","name":"Identifiers"},"member":"ViewEncapsulation"},{"__symbolic":"reference","name":"value"}]}}}},"ChangeDetectionStrategyEnum":{"__symbolic":"class","statics":{"fromValue":{"__symbolic":"function","parameters":["value"],"value":{"__symbolic":"call","expression":{"__symbolic":"reference","module":"../compiler_util/identifier_util","name":"createEnumExpression"},"arguments":[{"__symbolic":"select","expression":{"__symbolic":"reference","module":"../identifiers","name":"Identifiers"},"member":"ChangeDetectionStrategy"},{"__symbolic":"reference","name":"value"}]}}}},"ChangeDetectorStatusEnum":{"__symbolic":"class","statics":{"fromValue":{"__symbolic":"function","parameters":["value"],"value":{"__symbolic":"call","expression":{"__symbolic":"reference","module":"../compiler_util/identifier_util","name":"createEnumExpression"},"arguments":[{"__symbolic":"select","expression":{"__symbolic":"reference","module":"../identifiers","name":"Identifiers"},"member":"ChangeDetectorStatus"},{"__symbolic":"reference","name":"value"}]}}}},"ViewConstructorVars":{"__symbolic":"class","statics":{"viewUtils":{"__symbolic":"call","expression":{"__symbolic":"reference","module":"../output/output_ast","name":"variable"},"arguments":["viewUtils"]},"parentView":{"__symbolic":"call","expression":{"__symbolic":"reference","module":"../output/output_ast","name":"variable"},"arguments":["parentView"]},"parentIndex":{"__symbolic":"call","expression":{"__symbolic":"reference","module":"../output/output_ast","name":"variable"},"arguments":["parentIndex"]},"parentElement":{"__symbolic":"call","expression":{"__symbolic":"reference","module":"../output/output_ast","name":"variable"},"arguments":["parentElement"]}}},"ViewProperties":{"__symbolic":"class","statics":{"renderer":{"__symbolic":"call","expression":{"__symbolic":"select","expression":{"__symbolic":"reference","module":"../output/output_ast","name":"THIS_EXPR"},"member":"prop"},"arguments":["renderer"]},"viewUtils":{"__symbolic":"call","expression":{"__symbolic":"select","expression":{"__symbolic":"reference","module":"../output/output_ast","name":"THIS_EXPR"},"member":"prop"},"arguments":["viewUtils"]}}},"InjectMethodVars":{"__symbolic":"class","statics":{"token":{"__symbolic":"call","expression":{"__symbolic":"reference","module":"../output/output_ast","name":"variable"},"arguments":["token"]},"requestNodeIndex":{"__symbolic":"call","expression":{"__symbolic":"reference","module":"../output/output_ast","name":"variable"},"arguments":["requestNodeIndex"]},"notFoundResult":{"__symbolic":"call","expression":{"__symbolic":"reference","module":"../output/output_ast","name":"variable"},"arguments":["notFoundResult"]}}},"DetectChangesVars":{"__symbolic":"class","statics":{"throwOnChange":{"__symbolic":"call","expression":{"__symbolic":"reference","module":"../output/output_ast","name":"variable"},"arguments":["throwOnChange"]},"changes":{"__symbolic":"call","expression":{"__symbolic":"reference","module":"../output/output_ast","name":"variable"},"arguments":["changes"]},"changed":{"__symbolic":"call","expression":{"__symbolic":"reference","module":"../output/output_ast","name":"variable"},"arguments":["changed"]}}}}},{"__symbolic":"module","version":1,"metadata":{"ViewTypeEnum":{"__symbolic":"class","statics":{"fromValue":{"__symbolic":"function","parameters":["value"],"value":{"__symbolic":"call","expression":{"__symbolic":"reference","module":"../compiler_util/identifier_util","name":"createEnumExpression"},"arguments":[{"__symbolic":"select","expression":{"__symbolic":"reference","module":"../identifiers","name":"Identifiers"},"member":"ViewType"},{"__symbolic":"reference","name":"value"}]}}}},"ViewEncapsulationEnum":{"__symbolic":"class","statics":{"fromValue":{"__symbolic":"function","parameters":["value"],"value":{"__symbolic":"call","expression":{"__symbolic":"reference","module":"../compiler_util/identifier_util","name":"createEnumExpression"},"arguments":[{"__symbolic":"select","expression":{"__symbolic":"reference","module":"../identifiers","name":"Identifiers"},"member":"ViewEncapsulation"},{"__symbolic":"reference","name":"value"}]}}}},"ChangeDetectionStrategyEnum":{"__symbolic":"class","statics":{"fromValue":{"__symbolic":"function","parameters":["value"],"value":{"__symbolic":"call","expression":{"__symbolic":"reference","module":"../compiler_util/identifier_util","name":"createEnumExpression"},"arguments":[{"__symbolic":"select","expression":{"__symbolic":"reference","module":"../identifiers","name":"Identifiers"},"member":"ChangeDetectionStrategy"},{"__symbolic":"reference","name":"value"}]}}}},"ChangeDetectorStatusEnum":{"__symbolic":"class","statics":{"fromValue":{"__symbolic":"function","parameters":["value"],"value":{"__symbolic":"call","expression":{"__symbolic":"reference","module":"../compiler_util/identifier_util","name":"createEnumExpression"},"arguments":[{"__symbolic":"select","expression":{"__symbolic":"reference","module":"../identifiers","name":"Identifiers"},"member":"ChangeDetectorStatus"},{"__symbolic":"reference","name":"value"}]}}}},"ViewConstructorVars":{"__symbolic":"class","statics":{"viewUtils":{"__symbolic":"call","expression":{"__symbolic":"reference","module":"../output/output_ast","name":"variable"},"arguments":["viewUtils"]},"parentView":{"__symbolic":"call","expression":{"__symbolic":"reference","module":"../output/output_ast","name":"variable"},"arguments":["parentView"]},"parentIndex":{"__symbolic":"call","expression":{"__symbolic":"reference","module":"../output/output_ast","name":"variable"},"arguments":["parentIndex"]},"parentElement":{"__symbolic":"call","expression":{"__symbolic":"reference","module":"../output/output_ast","name":"variable"},"arguments":["parentElement"]}}},"ViewProperties":{"__symbolic":"class","statics":{"renderer":{"__symbolic":"call","expression":{"__symbolic":"select","expression":{"__symbolic":"reference","module":"../output/output_ast","name":"THIS_EXPR"},"member":"prop"},"arguments":["renderer"]},"viewUtils":{"__symbolic":"call","expression":{"__symbolic":"select","expression":{"__symbolic":"reference","module":"../output/output_ast","name":"THIS_EXPR"},"member":"prop"},"arguments":["viewUtils"]}}},"InjectMethodVars":{"__symbolic":"class","statics":{"token":{"__symbolic":"call","expression":{"__symbolic":"reference","module":"../output/output_ast","name":"variable"},"arguments":["token"]},"requestNodeIndex":{"__symbolic":"call","expression":{"__symbolic":"reference","module":"../output/output_ast","name":"variable"},"arguments":["requestNodeIndex"]},"notFoundResult":{"__symbolic":"call","expression":{"__symbolic":"reference","module":"../output/output_ast","name":"variable"},"arguments":["notFoundResult"]}}},"DetectChangesVars":{"__symbolic":"class","statics":{"throwOnChange":{"__symbolic":"call","expression":{"__symbolic":"reference","module":"../output/output_ast","name":"variable"},"arguments":["throwOnChange"]},"changes":{"__symbolic":"call","expression":{"__symbolic":"reference","module":"../output/output_ast","name":"variable"},"arguments":["changes"]},"changed":{"__symbolic":"call","expression":{"__symbolic":"reference","module":"../output/output_ast","name":"variable"},"arguments":["changed"]}}}}}]