[{"__symbolic":"module","version":3,"metadata":{"getPropertyInView":{"__symbolic":"function"},"injectFromViewParentInjector":{"__symbolic":"function"},"getViewClassName":{"__symbolic":"function","parameters":["component","embeddedTemplateIndex"],"value":{"__symbolic":"error","message":"Expression form not supported","line":76,"character":9}},"getHandleEventMethodName":{"__symbolic":"function","parameters":["elementIndex"],"value":{"__symbolic":"error","message":"Expression form not supported","line":80,"character":9}}}},{"__symbolic":"module","version":1,"metadata":{"getPropertyInView":{"__symbolic":"function"},"injectFromViewParentInjector":{"__symbolic":"function"},"getViewClassName":{"__symbolic":"function","parameters":["component","embeddedTemplateIndex"],"value":{"__symbolic":"error","message":"Expression form not supported","line":76,"character":9}},"getHandleEventMethodName":{"__symbolic":"function","parameters":["elementIndex"],"value":{"__symbolic":"error","message":"Expression form not supported","line":80,"character":9}}}}]